sta,ecoreg,type,watshed,gage_group,drain_dens,area,elev,field_cap,slope,jul_temp,TWI,NMDS1,NMDS2,gof
bad_fpi,Pierre Shale Plains,gaged,Bad River,Pierre Shale,3.39747546758964,3.16061867561037,0.0933046621541047,5.14952702713581,1.95507355566372,5.33732806561458,1.30351435847275,1.48866309366092,1.97809455416281,0.0163549561093122
bat_bhr,Black Hills Transition,gaged,Cheyenne,Black Hills Transition,3.04432606003794,1.98813110240007,1.93855408305555,3.059582656454,3.70054223006695,2.61420150152551,2.95018876459031,-2.02117487639977,0.44833815771126,0.0201724525710963
bat_her,Black Hills Plateau,gaged,Cheyenne,Black Hills Plateau,2.87920027264521,1.78422022010263,3.23765263586652,2.29066605840823,4.09764506679218,1.96065112614413,3.64359649159579,-3.2799624004836,-0.533284348130841,0.0174564147945065
bev_abf,Black Hills Plateau,gaged,Cheyenne,Black Hills Plateau,2.68602447760174,1.47835389665646,3.75025537821135,1.96491557950493,3.91014711132744,1.96065112614413,3.41118848551748,-3.25485785512029,-1.15273984738332,0.017153248672377
bev_pri,Black Hills Plateau,gaged,Cheyenne,Black Hills Plateau,2.54298001966882,1.22346529378466,4.16970588881406,1.84571147515559,4.26725759893207,1.41602581332632,3.71503261686392,-4.10101970829568,-1.5803852568216,0.0165880256074542
blc_wan,Keya Paha Tablelands,gaged,White Riv,Keya Paha Tablelands,2.88680170770677,1.52933161723082,1.51399673898725,3.69510800889384,2.46702815337797,5.11947794048745,2.01792344367274,0.0758035051905741,0.147514130173082,0.00723780499488436
blp_bel,White River Badlands,gaged,White Riv,Tertiary Clays,3.34287147924049,1.93715338182571,0.884009517497678,3.69510800889384,1.95507355566372,5.22840300305101,1.0919126511178,0.895368414583426,0.562395548741167,0.00820019205557354
brsf_co,Pierre Shale Plains,gaged,Bad River,Pierre Shale,3.36406163685667,1.88617566125135,1.24157639080944,4.35175876146599,1.23351407668898,5.33732806561458,0.989632131088936,1.18420084987425,0.673435580230139,0.0132777341549402
che_buf,Pierre Shale Plains,gaged,Cheyenne,Pierre Shale,4.85303791051098,3.72137360192833,2.27453907409335,3.059582656454,1.95507355566372,3.48560200203401,1.50882986105116,-0.315098928887838,2.19852390114694,0.0181674078914181
che_pla,Pierre Shale Plains,gaged,Cheyenne,Pierre Shale,4.05461679798264,4.12919536652322,0.617381317643732,3.47395972836731,2.46702815337797,3.37667693947045,1.63962371576956,0.516783937453552,2.3966956193543,0.0171242722411237
che_red,Pierre Shale Plains,gaged,Cheyenne,Pierre Shale,4.78213082789321,3.7723513225027,2.02165789138983,3.10177557842598,1.95507355566372,3.48560200203401,1.54120374668367,-0.151877598419731,2.21617751563371,0.0168030958437111
che_sce,Pierre Shale Plains,gaged,Cheyenne,Pierre Shale,4.57452769856086,3.82332904307706,1.60428463908114,3.12280692639449,2.46702815337797,3.37667693947045,1.6895759673892,-0.152581036505521,2.15869854619559,0.0174603133629206
che_was,Pierre Shale Plains,gaged,Cheyenne,Pierre Shale,4.49355445901209,3.87430676365142,1.25119795930404,3.18564370262744,2.46702815337797,3.37667693947045,1.67286958046156,0.0823275882603095,2.24933892321732,0.0170699386560954
elk_elm,Pierre Shale Plains,gaged,Cheyenne,Pierre Shale,3.2142816654015,2.29399742584623,1.09795314761191,4.04755306106052,1.95507355566372,3.92130225228826,1.19651642732333,0.708629685493098,0.741091723241588,0.00910581876012174
frn_fai,Black Hills Plateau,gaged,Cheyenne,Black Hills Plateau,2.26063274977242,1.4273761760821,5.55191699936544,1.96491557950493,3.91014711132744,0,3.07831314835952,-5.43040915316145,-2.53386833155936,0.0216258960803967
hat_edg,Pierre Shale Plains,gaged,Cheyenne,Pierre Shale,4.56706521906984,2.65084146986676,3.48170301393745,4.23863557734703,1.95507355566372,4.46592756510607,1.67286958046156,-0.893243096048108,1.52427755127876,0.0177447751232355
hor_oel,Pierre Shale Plains,gaged,Cheyenne,Pierre Shale,4.97885540327733,1.73324249952827,3.54512269033381,5.09678737850628,1.23351407668898,4.90162781536032,1.22683979569586,-1.19701749375015,2.33035325053703,0.0337980501674615
key_key,Keya Paha Tablelands,gaged,Niobrara,Keya Paha Tablelands,2.16255417598942,2.29399742584623,1.17212053644435,2.73738660914128,1.23351407668898,4.90162781536032,0.433777291191358,1.60388076400728,-0.166688529055069,0.00902284528764324
key_wew,Keya Paha Tablelands,gaged,Niobrara,Keya Paha Tablelands,1.74189064102454,2.65084146986676,0.861644542641963,2.58337167681967,1.95507355566372,5.11947794048745,0.472098394941344,1.75654445377362,-0.03813414693365,0.0113012755979437
lcr_abv,Sand Hills,gaged,Lit White,Sand Hills,0,1.12150985263594,2.8508409762341,0.691544251534773,1.23351407668898,4.46592756510607,0.523743920016874,1.50616680357317,-3.40338182651844,0.0162811696640092
lon_riv,Sand Hills,gaged,Niobrara,Sand Hills,0.25725412045568,2.24301970527187,0.740534516607777,0,1.23351407668898,4.90162781536032,1.42882390115247,2.48497666223926,-3.11454775178345,0.0258006935461804
lwr_aro,Sand Hills,gaged,Lit White,Sand Hills,1.11816645101531,2.54888602871804,1.59136292728705,1.84571147515559,1.23351407668898,4.46592756510607,0.536754721329274,2.00996587899325,-0.882467430277278,0.0161471973685272
lwr_mar,Sand Hills,gaged,Lit White,Sand Hills,1.50312511266186,2.03910882297443,2.66496328473036,2.75919293633556,0,4.57485262766963,0.139434107162233,2.18974314522694,-1.25469389131933,0.0146174347564051
lwr_ros,Sand Hills,gaged,Lit White,Sand Hills,1.33626799790629,2.5998637492924,1.15827180226437,1.96491557950493,1.23351407668898,4.57485262766963,0.696059518974968,2.01365523079863,-0.548001487321413,0.0157407189357675
lwr_vet,Sand Hills,gaged,Lit White,Sand Hills,1.04573472093144,2.29399742584623,2.29067517671358,2.38168875676468,0,4.46592756510607,0,2.5675671873732,-1.33858314904403,0.0137982134013461
lwr_whi,Sand Hills,gaged,Lit White,Sand Hills,2.08454944367133,2.80377463158984,0.703820183969259,2.53891681609062,1.23351407668898,4.79270275279676,0.975206268016353,1.73929111154097,0.155500596005416,0.0127829945481765
nio_spa,Sand Hills,gaged,Niobrara,Sand Hills,0.450350465752343,3.67039588135397,1.26254813677164,0.74643270503236,0,4.03022731485182,1.72315689483599,3.65634461983283,-1.76353697028488,0.0288155242439041
plu_hay,Pierre Shale Plains,gaged,Bad River,Pierre Shale,3.3038460804136,2.03910882297443,0.294556594482771,5.66497273420819,1.23351407668898,5.22840300305101,0.655676173210774,2.11412112792743,1.76220208178389,0.0230543131220854
ros_ros,Keya Paha Tablelands,gaged,Lit White,Keya Paha Tablelands,2.34036641909815,1.01955441148721,1.49711959069435,1.8935820860633,2.46702815337797,4.57485262766963,1.60659875347057,0.231089729255196,-1.1268689413618,0.0147988624690581
spr_her,Black Hills Plateau,gaged,Cheyenne,Black Hills Plateau,2.84678918537328,1.83519794067699,2.96119847973215,1.94120007631983,4.09764506679218,0.653550375381378,3.43404162641878,-4.28937686532029,-0.670213870472607,0.0237168978024128
wcc_ogl,Pine Ridge Escarpment,gaged,White Riv,Tertiary Clays,2.70366512705439,2.14106426412315,2.53432664821123,2.9959636345089,3.46291181462016,4.90162781536032,3.3431349315999,-1.27997132774767,-0.047194350417933,0.0122299005122574
whi_int,White River Badlands,gaged,White Riv,Tertiary Clays,3.36053463035994,3.31355183733345,1.34524868456277,3.83351638187397,2.46702815337797,5.01055287792389,2.27384997569734,0.217670730154754,1.13464823533284,0.00896243134224556
whi_kad,White River Badlands,gaged,White Riv,Tertiary Clays,3.33579304081247,3.41550727848217,1.02956061562297,3.81385092964034,2.46702815337797,5.01055287792389,2.19946305419136,0.409926693953988,1.25140757027998,0.0101633489674573
whi_oac,Pierre Shale Plains,gaged,White Riv,Pierre Shale,3.11614647293086,3.7723513225027,0,3.83351638187397,1.95507355566372,5.11947794048745,1.57379274084025,1.41415397925669,1.64855427707691,0.0123758148024191
whi_ogl,Pine Ridge Escarpment,gaged,White Riv,Tertiary Clays,3.53980847544958,3.00768551388728,2.41345277320977,3.73483317879931,2.46702815337797,4.79270275279676,2.38738712323965,-0.304699547214335,0.84814853920079,0.0076583929101064
whi_slm,Pine Ridge Escarpment,gaged,White Riv,Tertiary Clays,3.57578525511023,2.75279691101548,2.55042256990948,3.63524539833037,2.46702815337797,4.79270275279676,2.36829892072519,-0.368449327423836,0.706996056378576,0.00775677048980573
whi_sta,Pine Ridge Escarpment,gaged,White Riv,Tertiary Clays,3.62006854186173,2.75279691101548,2.73464409420565,3.57504804027067,2.46702815337797,4.6837776902332,2.34927726624294,-0.473704475001306,0.706497279662239,0.00906602162442773
whi_whi,White River Badlands,gaged,White Riv,Tertiary Clays,3.31451222923603,3.51746271963089,0.526537146065381,3.89230222308038,2.46702815337797,5.11947794048745,2.01792344367274,0.765987556109875,1.48817142363729,0.0125588279044022
wkc_wok,Pine Ridge Escarpment,gaged,White Riv,Tertiary Clays,2.29224254065392,1.27444301435902,3.21107986012477,2.64967508194513,1.95507355566372,4.6837776902332,1.96466335468902,-0.17867545099418,-0.969266514800962,0.0118189367307931
AMH1,Keya Paha Tablelands,ungaged,White Riv,Keya Paha Tablelands,3.02392138950966,0.713688088041051,3.38007824708386,4.21967209460498,2.46702815337797,4.90162781536032,1.72315689483599,-0.594352201815492,-0.678166451075206,0.0175078733059065
BEA1,Keya Paha Tablelands,ungaged,White Riv,Keya Paha Tablelands,2.43949770418197,1.07053213206158,3.03702170404112,3.85314662282817,1.95507355566372,4.57485262766963,0.615667324045077,0.476265311670816,-0.85931240934635,0.0153490900099216
BEA2,Keya Paha Tablelands,ungaged,White Riv,Keya Paha Tablelands,2.43949770418197,1.32542073493338,2.63744026543006,3.73483317879931,1.95507355566372,4.57485262766963,1.21165357804955,0.261694066320193,-0.445593462931674,0.00996674742338738
BEA3,Keya Paha Tablelands,ungaged,White Riv,Keya Paha Tablelands,2.43949770418197,1.88617566125135,2.15800594119143,3.71498878307269,1.95507355566372,4.6837776902332,1.03318659797867,0.572147251591153,-0.109458292128152,0.00859099068101472
BEL1,Keya Paha Tablelands,ungaged,White Riv,Keya Paha Tablelands,2.64070456103877,2.09008654354879,1.79864672508096,3.75464139504508,1.95507355566372,4.79270275279676,1.18142813236325,0.572771278807599,0.130088624784395,0.00740607588328007
BEL2,White River Badlands,ungaged,White Riv,Tertiary Clays,2.83530905346603,2.19204198469751,1.29966531528952,3.71498878307269,1.95507355566372,4.90162781536032,1.44471988011082,0.613668378059631,0.350092557230231,0.00668243992455801
BLP1,Keya Paha Tablelands,ungaged,White Riv,Keya Paha Tablelands,2.83530905346603,0.458799485169247,2.35139887496353,2.3590149386546,2.8641309901032,4.6837776902332,2.42576441734325,-0.760051167367683,-1.00214138684838,0.0078875428421657
BUZ1,Keya Paha Tablelands,ungaged,White Riv,Keya Paha Tablelands,2.83530905346603,1.01955441148721,1.87235271750583,3.83351638187397,2.46702815337797,4.79270275279676,1.62308374437417,0.0370228536171068,-0.17681820649249,0.00795543273193875
CHE1,Pierre Shale Plains,ungaged,White Riv,Pierre Shale Plains,4.81404337485937,3.7723513225027,2.02165789138983,3.10177557842598,1.95507355566372,3.48560200203401,1.55747123631923,-0.181137564633132,2.22657857173681,0.0169201828854549
CHE2,Pierre Shale Plains,ungaged,White Riv,Pierre Shale Plains,4.81404337485937,3.7723513225027,1.94119333519444,3.10177557842598,1.95507355566372,3.59452706459757,1.54120374668367,-0.109355730438949,2.20730254743962,0.0162472842093877
COR1,Pine Ridge Escarpment,ungaged,White Riv,Tertiary Clays,3.20706320025813,0.968576690912854,2.32943939983548,3.49425433858988,3.18858763235271,4.79270275279676,2.56222749309664,-0.842273079485279,-0.145199911351872,0.00761807942770753
CRA1,Keya Paha Tablelands,ungaged,White Riv,Keya Paha Tablelands,2.83530905346603,0.458799485169247,1.87039927782177,3.71498878307269,1.95507355566372,5.11947794048745,1.19651642732333,0.405562635099946,-0.596756407922103,0.0139218852881592
EAN1,Keya Paha Tablelands,ungaged,White Riv,Keya Paha Tablelands,2.83530905346603,0.968576690912854,1.76793506557634,3.95077619645975,1.95507355566372,5.11947794048745,1.44471988011082,0.377356307229751,-0.200476429398275,0.0105141185629547
EAN2,Keya Paha Tablelands,ungaged,White Riv,Keya Paha Tablelands,3.02392138950966,1.27444301435902,1.23197878988235,3.39238986980309,2.46702815337797,5.44625312817814,1.98235620637651,0.166401961277198,0.0407719747035647,0.0113312730242629
LOD1,Keya Paha Tablelands,ungaged,White Riv,Keya Paha Tablelands,2.64070456103877,0,2.07552437735181,2.58337167681967,2.46702815337797,5.44625312817814,2.29260851006688,-0.385230635673696,-1.38763948328983,0.0132977624998187
LON1,Keya Paha Tablelands,ungaged,White Riv,Keya Paha Tablelands,2.23096709093677,0.101955441148721,1.94515470138557,4.08602999919756,1.23351407668898,5.22840300305101,0.187027962229361,1.1864246529115,-1.42443762308151,0.0265681666282034
LWR1,Sand Hills,ungaged,White Riv,Sand Hills,1.30319112548909,1.73324249952827,3.43114691347076,2.38168875676468,0,4.57485262766963,0.163159999184992,2.02322605553851,-2.01696388336732,0.017833089605066
LWR2,Sand Hills,ungaged,White Riv,Sand Hills,1.30319112548909,1.93715338182571,3.10252087791601,2.49425661785379,0,4.57485262766963,0.104109193715182,2.16553073907281,-1.7193675917032,0.0160420137395608
LWR3,Sand Hills,ungaged,White Riv,Sand Hills,1.30319112548909,2.03910882297443,2.66496328473036,2.75919293633556,0,4.57485262766963,0.139434107162233,2.25462214002648,-1.31964940987773,0.0142636424190131
LWR4,Sand Hills,ungaged,White Riv,Sand Hills,1.30319112548909,2.24301970527187,2.51972882388091,2.53891681609062,0,4.46592756510607,0,2.40554784099577,-1.28468740794266,0.0141160555284288
MER1,Pine Ridge Escarpment,ungaged,White Riv,Tertiary Clays,3.38518455919668,0.458799485169247,3.03466496234753,3.85314662282817,3.70054223006695,5.01055287792389,3.54959094130388,-2.02874867861452,-0.300133429086142,0.0193220549362721
MER3,White River Badlands,ungaged,White Riv,Tertiary Clays,3.20706320025813,1.88617566125135,1.97695311177091,3.97019906957494,2.8641309901032,4.90162781536032,2.34927726624294,-0.365650617895266,0.327727058510702,0.00692358800164515
MER4,White River Badlands,ungaged,White Riv,Tertiary Clays,3.20706320025813,1.93715338182571,1.8243857363249,3.91182795430209,2.8641309901032,5.01055287792389,2.48383729780261,-0.379304970747858,0.36969421090696,0.00792404317066567
NFL1,Pine Ridge Escarpment,ungaged,White Riv,Tertiary Clays,3.02392138950966,0.968576690912854,2.94954290237762,3.51451025545573,2.8641309901032,4.79270275279676,2.21796329902713,-0.682845190089759,-0.381212729746272,0.00689351910916705
PAS1,Keya Paha Tablelands,ungaged,White Riv,Keya Paha Tablelands,2.23096709093677,1.12150985263594,2.13333908466254,3.12280692639449,1.95507355566372,4.6837776902332,0.833436121430696,0.64656150757596,-0.648087773922892,0.00792664032694492
PAS2,Keya Paha Tablelands,ungaged,White Riv,Keya Paha Tablelands,2.64070456103877,1.88617566125135,1.55038099924289,3.83351638187397,1.95507355566372,5.01055287792389,0.805615202947513,0.816074196070124,0.137532069521075,0.0065798682926745
PAS3,White River Badlands,ungaged,White Riv,Tertiary Clays,2.83530905346603,2.03910882297443,1.02529720832168,3.75464139504508,1.95507355566372,5.11947794048745,1.07716052860502,0.877257871335022,0.379387285567294,0.00637677223447976
POR1,Keya Paha Tablelands,ungaged,White Riv,Keya Paha Tablelands,3.02392138950966,1.07053213206158,3.20866863160817,4.25756748053502,2.8641309901032,4.90162781536032,2.1443441317683,-0.793689658777954,-0.302580958962897,0.0128495447330176
POR2,Pine Ridge Escarpment,ungaged,White Riv,Tertiary Clays,3.20706320025813,1.52933161723082,2.60190390970773,4.42655905204353,3.18858763235271,5.01055287792389,2.86630446755682,-1.0595728223755,0.349074987542013,0.0119542607832095
POR3,White River Badlands,ungaged,White Riv,Tertiary Clays,3.5586770145634,1.78422022010263,1.92011647195956,4.21967209460498,3.18858763235271,5.01055287792389,2.80417890569493,-0.826163183400423,0.57597976669127,0.0116462235324425
POT1,Pine Ridge Escarpment,ungaged,White Riv,Tertiary Clays,3.02392138950966,1.27444301435902,1.86194299753116,4.12437539109181,2.8641309901032,5.11947794048745,2.62175127172391,-0.523153743861293,0.141503458902439,0.0117194595433083
RED1,Pine Ridge Escarpment,ungaged,White Riv,Tertiary Clays,3.38518455919668,0.968576690912854,2.22708892986974,4.12437539109181,3.18858763235271,5.01055287792389,2.90809538265627,-1.09936517962822,0.171439441992702,0.014774648136209
WCC1,Pine Ridge Escarpment,ungaged,White Riv,Tertiary Clays,2.64070456103877,1.83519794067699,3.38336337955388,2.08257739189358,3.46291181462016,4.6837776902332,3.64359649159579,-1.81267676151112,-0.868890209442591,0.0134101424026274
WCC2,Pine Ridge Escarpment,ungaged,White Riv,Tertiary Clays,2.64070456103877,1.98813110240007,3.02210827909446,2.53891681609062,3.18858763235271,4.79270275279676,3.29818331542573,-1.32677295638154,-0.470913732896479,0.0126920091189213
WCC3,Pine Ridge Escarpment,ungaged,White Riv,Tertiary Clays,2.64070456103877,2.14106426412315,2.53432664821123,2.9959636345089,3.46291181462016,4.90162781536032,3.3431349315999,-1.28217425807823,-0.0703906337495144,0.0123101217247686
WHI1,Pine Ridge Escarpment,ungaged,White Riv,Tertiary Clays,3.5586770145634,2.75279691101548,2.83095817887076,3.55490688893522,2.46702815337797,4.6837776902332,2.38738712323965,-0.504621440636998,0.686539829355983,0.00995705631391058
WHI2,Pine Ridge Escarpment,ungaged,White Riv,Tertiary Clays,3.5586770145634,3.00768551388728,2.38127755783156,3.81385092964034,2.46702815337797,4.90162781536032,2.33032185080628,-0.267457125356147,0.872218065391589,0.00641375118147321
WHI3,White River Badlands,ungaged,White Riv,Tertiary Clays,3.38518455919668,3.26257411675909,1.61291943213661,3.87274184096728,2.46702815337797,4.90162781536032,2.34927726624294,0.0665499744220134,1.07714665580723,0.00778402755406466
WHI4,White River Badlands,ungaged,White Riv,Tertiary Clays,3.20706320025813,3.46648499905653,0.871790536441367,3.83351638187397,2.46702815337797,5.01055287792389,2.08979182082464,0.546704025851015,1.28902959155225,0.0109089000838051
WHI5,White River Badlands,ungaged,White Riv,Tertiary Clays,3.38518455919668,3.31355183733345,1.34524868456277,3.85314662282817,2.46702815337797,5.01055287792389,2.27384997569734,0.208216860812244,1.14915074434448,0.00875731482763111
WOK1,Sandhills Fringe,ungaged,White Riv,Sandhills Fringe,2.64070456103877,0.764665808615411,3.58037591361514,1.77342297562387,2.46702815337797,4.57485262766963,2.90809538265627,-1.15864866560209,-1.56979950485927,0.00963777965479217
WOK2,Pine Ridge Escarpment,ungaged,White Riv,Tertiary Clays,2.23096709093677,1.27444301435902,3.21107986012477,2.64967508194513,1.95507355566372,4.6837776902332,1.96466335468902,-0.170814116349025,-0.997917677317856,0.0118857025672534
WOK3,Pine Ridge Escarpment,ungaged,White Riv,Tertiary Clays,2.64070456103877,1.78422022010263,2.59968923183119,3.85314662282817,3.18858763235271,4.90162781536032,2.86630446755682,-0.865726509932438,0.0349057046892307,0.00689536512041247
WOK4,White River Badlands,ungaged,White Riv,Tertiary Clays,2.83530905346603,1.93715338182571,2.05661073221619,3.95077619645975,3.18858763235271,5.01055287792389,2.9713497935883,-0.769714496795332,0.294373012550554,0.00970732009201596
WOL1,Sandhills Fringe,ungaged,White Riv,Sandhills Fringe,2.64070456103877,0.458799485169247,3.53089511930835,1.14650130900911,3.18858763235271,4.79270275279676,3.48000335598207,-1.83084876059637,-2.03714556997538,0.0119194481669791
